"","vcov","sdcor"
"Variety",139.103225320764,11.7942030388138
"Variety:Year",8.44037686530664,2.90523266973691
"Variety:Loc",68.4616816509565,8.27415745867557
"Residual",268.555662607891,16.3876680039562
